themenbereich;bezeichnung;url
Bau- und Wohnungswesen;Gebäude- und Wohnungsbau;http://www.statistik.bs.ch/dam/jcr:24bf584b-90e5-4af8-82be-9148e0debd8e/t09-1-11.xlsx
Bevölkerung;Wohnbevölkerung am Jahresende nach Gemeinde und Wohnviertel;http://www.statistik.bs.ch/dam/jcr:2d711b31-d8c9-4f5d-9151-55ff4ef4028d/t01-1-16.xlsx
Bau- und Wohnungswesen;Basler Mietpreisindex;http://www.statistik.bs.ch/dam/jcr:311306c7-02e2-4023-b31e-f6bcac2a074b/t09-3-01.xlsx
Bau- und Wohnungswesen;Freihandkäufe von Liegenschaftsparzellen;http://www.statistik.bs.ch/dam/jcr:3e26cbc9-462f-4627-9f24-26165cf248dd/t09-4-02.xlsx
Bau- und Wohnungswesen;Leere Wohnungen nach Wohnviertel;http://www.statistik.bs.ch/dam/jcr:46821755-9b73-47d6-a6d8-d20c442c065a/t09-2-03.xlsx
Bau- und Wohnungswesen;Mietpreisindices nach Basisjahr;http://www.statistik.bs.ch/dam/jcr:65744e44-efbf-41f7-9946-7d0e8ebc498c/t09-3-07.xlsx
Bau- und Wohnungswesen;Brandfälle;http://www.statistik.bs.ch/dam/jcr:6badaf3e-4fd9-42a0-b0fb-73803565586c/t09-5-02.xlsx
Bevölkerung;Wohnbevölkerung nach Alter und Wohnviertel;http://www.statistik.bs.ch/dam/jcr:71d497e1-2581-4585-ae82-28039a2563b4/t01-1-22.xlsx
Bevölkerung;Bevölkerungsbilanz;http://www.statistik.bs.ch/dam/jcr:797f4f19-c119-48b4-97ae-687447f23936/t01-0-02.xlsx
Bau- und Wohnungswesen;Jahresteuerung Basler Mietpreisindex;http://www.statistik.bs.ch/dam/jcr:91222ba7-e3b7-406f-80c6-99f5e79a2126/t09-3-02.xlsx
Bevölkerung;Wohnbevölkerung nach Heimat und Wohnviertel;http://www.statistik.bs.ch/dam/jcr:9bbc4394-5560-4a5a-874d-2738418949c4/t01-1-23.xlsx
Bau- und Wohnungswesen;Wohnungsbilanz;http://www.statistik.bs.ch/dam/jcr:b1bf9e97-132a-4e76-b8e4-45462ad16e83/t09-1-14.xlsx
Bau- und Wohnungswesen;Gebäudebestand;http://www.statistik.bs.ch/dam/jcr:be94f09f-533f-46a6-ae69-4b52670b0df5/t09-1-02.xlsx
Bau- und Wohnungswesen;Durchschnittliche Wohnfläche;http://www.statistik.bs.ch/dam/jcr:da600509-1976-4fb6-9954-895e586beda2/t09-1-15.xlsx
Bau- und Wohnungswesen;Wohnungsbestand;http://www.statistik.bs.ch/dam/jcr:edca14ac-4bd3-4096-89a3-b688cea691b9/t09-1-03.xlsx
Bau- und Wohnungswesen;Gebäudebilanz;http://www.statistik.bs.ch/dam/jcr:fefcb3e8-daff-46ff-a4ff-325a49eca566/t09-1-13.xlsx
Bevölkerung;Wanderungen;http://www.statistik.bs.ch/dms/statistik/tabellen/01/5/t01-4-01.xlsx
Bevölkerung;Gewanderte Personen nach Geschlecht und Heimat;http://www.statistik.bs.ch/dms/statistik/tabellen/01/5/t01-4-03.xlsx
Bevölkerung;Gewanderte Personen nach Alter, Herkunftsort und Wanderziel;http://www.statistik.bs.ch/dms/statistik/tabellen/01/5/t01-4-04.xlsx
Bevölkerung;Gewanderte Personen nach Heimat, Geschlecht und Alter;http://www.statistik.bs.ch/dms/statistik/tabellen/01/5/t01-4-05.xlsx
Bevölkerung;Gewanderte Personen nach Heimat, Herkunftsort und Wanderziel;http://www.statistik.bs.ch/dms/statistik/tabellen/01/5/t01-4-08.xlsx
Bevölkerung;Gewanderte Personen nach Heimat, Herkunftsort und Wanderziel;http://www.statistik.bs.ch/dms/statistik/tabellen/01/5/t01-4-08.xlsx
Bevölkerung;Gewanderte Personen von/nach NWCH nach Wohnviertel und Alter;http://www.statistik.bs.ch/dms/statistik/tabellen/01/5/t01-4-09.xlsx
Bevölkerung;Weggezogene Personen nach Heimat, Geschlecht und Aufenthaltsdauer;http://www.statistik.bs.ch/dms/statistik/tabellen/01/5/t01-4-10.xlsx
Bevölkerung;Innerhalb des Kantons umgezogene Personen nach Heimat;http://www.statistik.bs.ch/dms/statistik/tabellen/01/5/t01-4-12.xlsx
Bevölkerung;Innerhalb des Kantons umgezogene Personen nach Wohnviertelkombination;http://www.statistik.bs.ch/dms/statistik/tabellen/01/5/t01-4-15.xlsx
Arbeit und Erwerb;Index der kantonalen Volkseinkommen;http://www.statistik.bs.ch/dms/statistik/tabellen/04/t04-1-01.xlsx
Arbeit und Erwerb;Volkseinkommen Basel-Stadt nach Komponente;http://www.statistik.bs.ch/dms/statistik/tabellen/04/t04-1-02.xlsx
Arbeit und Erwerb;Bruttoinlandprodukt;http://www.statistik.bs.ch/dms/statistik/tabellen/04/t04-1-03.xlsx
Arbeit und Erwerb;Bruttowertschöpfung Basel-Stadt;http://www.statistik.bs.ch/dms/statistik/tabellen/04/t04-1-04.xlsx
Industrie und Dienstleistungen;Swissbau. Die grösste Fachmesse der Bauwirtschaft in der Schweiz;http://www.statistik.bs.ch/dms/statistik/tabellen/06/1/t06-1-04.xlsx
Industrie und Dienstleistungen;Art Basel (Basel). Die internationale Kunstmesse ;http://www.statistik.bs.ch/dms/statistik/tabellen/06/1/t06-1-05.xlsx
Industrie und Dienstleistungen;Art Basel (Basel). Die internationale Kunstmesse ;http://www.statistik.bs.ch/dms/statistik/tabellen/06/1/t06-1-06.xlsx
Industrie und Dienstleistungen;Basler Herbstwarenmesse;http://www.statistik.bs.ch/dms/statistik/tabellen/06/1/t06-1-07.xlsx
Industrie und Dienstleistungen;Beschäftigte in neugegründeten Unternehmen;http://www.statistik.bs.ch/dms/statistik/tabellen/06/2/t06-2-02.xlsx
Industrie und Dienstleistungen;Neugründungen nach Rechtsform;http://www.statistik.bs.ch/dms/statistik/tabellen/06/2/t06-2-03.xlsx
Land- und Forstwirtschaft;Landwirtschaftliche Betriebe im Kanton Basel-Stadt;http://www.statistik.bs.ch/dms/statistik/tabellen/07/t07-1-01.xlsx
Land- und Forstwirtschaft;Landwirtschaftliche Betriebe im Kanton Basel-Stadt;http://www.statistik.bs.ch/dms/statistik/tabellen/07/t07-1-02.xlsx
Land- und Forstwirtschaft;Nutztierbestand im Kanton Basel-Stadt;http://www.statistik.bs.ch/dms/statistik/tabellen/07/t07-1-03.xlsx
Energie; CO2-Emissionen nach Energieträger in Tonnen;http://www.statistik.bs.ch/dms/statistik/tabellen/08/t08-0-05.xlsx
Energie;Elektrizitätsverbrauch im Kanton Basel-Stadt;http://www.statistik.bs.ch/dms/statistik/tabellen/08/t08-1-07.xlsx
Tourismus;Logiernächte der Auslandgäste nach Herkunftsland;http://www.statistik.bs.ch/dms/statistik/tabellen/10/t10-1-07.xlsx
Bevölkerung;Privathaushalte und ihre Wohnbevölkerung nach Haushaltsgrösse;http://www.statistik-bs.ch/tabellen/t01/1/t01.1.11.xls
Bevölkerung;Wohnbevölkerung in Privathaushalten nach Haushaltsgrösse und Alter;http://www.statistik-bs.ch/tabellen/t01/1/t01.1.11.xls
Bevölkerung;Privathaushalte nach Haushaltstyp;http://www.statistik-bs.ch/tabellen/t01/1/t01.1.11.xls
Bevölkerung;Familienhaushalte nach Anzahl minderjähriger Kinder;http://www.statistik-bs.ch/tabellen/t01/1/t01.1.11.xls
Bevölkerung;Wohnbevölkerung des Kantons Basel-Stadt nach Staatsangehörigkeit ;http://www.statistik-bs.ch/tabellen/t01/1/t01.1.12.xls
Bevölkerung;Wohnbevölkerung nach Heimat und Ausländeranteil;http://www.statistik-bs.ch/tabellen/t01/1/t01.1.17.xls
Bevölkerung;Wohnbevölkerung  am Jahresende nach Heimat und Geschlecht;http://www.statistik-bs.ch/tabellen/t01/1/t01.1.19.xls
Industrie und Dienstleistungen;Neue Unternehmen nach Wirtschaftszweig;http://www.statistik-bs.ch/tabellen/t06/2/t06.2.03.xls
Industrie und Dienstleistungen;Einfuhr nach Basel-Stadt in Netto-Tonnen nach Verkehrsträger;http://www.statistik-bs.ch/tabellen/t06/4/t06.4.02.xls
Industrie und Dienstleistungen;Einfuhr nach Basel-Stadt in Franken nach Verkehrsträger;http://www.statistik-bs.ch/tabellen/t06/4/t06.4.03.xls
Soziale Sicherheit;Plätze, Nutzung und Kosten der Tagesbetreuungsangebote;http://www.statistik-bs.ch/tabellen/t13/6/t13.6.01.xls
Öffentliche Finanzen;Rechnungsergebnisse der Einwohnergemeinde Riehen;http://www.statistik-bs.ch/tabellen/t18/1/t18.1.08.xls
Öffentliche Finanzen;Reineinkommen und Reinvermögen nach Wohnviertel;https://www.statistik.bs.ch/dam/jcr:f18e6f80-088e-45f1-8554-c645baa9fcf2/t18-2-03.xlsx
Bevölkerung;Ordentlich Eingebürgerte nach bisheriger Heimat und Geschlecht;https://www.statistik.bs.ch/dam/jcr:f18e6f80-088e-45f1-8554-c645baa9fcf2/t18-2-03.xlsx
Bevölkerung;Alter der Eheschliessenden nach Heimat und Zivilstand;https://www.statistik.bs.ch/dam/jcr:f18e6f80-088e-45f1-8554-c645baa9fcf2/t18-2-03.xlsx
Bevölkerung;Eheschliessungen, Lebendgeborene, Gestorbene;https://www.statistik.bs.ch/dam/jcr:f18e6f80-088e-45f1-8554-c645baa9fcf2/t18-2-03.xlsx
Bevölkerung;Ordentlich Eingebürgerte nach Alter, Geschlecht, Geburtsland und bisheriger Heimat;https://www.statistik.bs.ch/dam/jcr:f18e6f80-088e-45f1-8554-c645baa9fcf2/t18-2-03.xlsx
Bevölkerung;Ordentlich Eingebürgerte nach bisheriger Heimat und neuer Bürgergemeinde;https://www.statistik.bs.ch/dam/jcr:f18e6f80-088e-45f1-8554-c645baa9fcf2/t18-2-03.xlsx
Bevölkerung;Erleichtert Eingebürgerte nach Alter, Geschlecht, Geburtsland und bisheriger Heimat;https://www.statistik.bs.ch/dam/jcr:f18e6f80-088e-45f1-8554-c645baa9fcf2/t18-2-03.xlsx
Bevölkerung;Eheschliessende nach Alterskombination;https://www.statistik.bs.ch/dam/jcr:f18e6f80-088e-45f1-8554-c645baa9fcf2/t18-2-03.xlsx
Bevölkerung;Eheschliessungen nach Zivilstand und Dauer seit Auflösung der letzten Ehe;https://www.statistik.bs.ch/dam/jcr:f18e6f80-088e-45f1-8554-c645baa9fcf2/t18-2-03.xlsx
Bevölkerung;Eingetragene Partnerschaften nach Geschlecht, Heimat und Altersunterschied;https://www.statistik.bs.ch/dam/jcr:f18e6f80-088e-45f1-8554-c645baa9fcf2/t18-2-03.xlsx
Bevölkerung;Lebendgeborene nach Heimat des Kindes und Alter der Mutter;https://www.statistik.bs.ch/dam/jcr:f18e6f80-088e-45f1-8554-c645baa9fcf2/t18-2-03.xlsx
Bevölkerung;Erstgeborene verheirateter Mütter nach Alter der Mutter ;https://www.statistik.bs.ch/dam/jcr:f18e6f80-088e-45f1-8554-c645baa9fcf2/t18-2-03.xlsx
Bevölkerung;Lebendgeborene verheirateter Mütter nach Geburtenfolge ;https://www.statistik.bs.ch/dam/jcr:f18e6f80-088e-45f1-8554-c645baa9fcf2/t18-2-03.xlsx
Bevölkerung;Gestorbene nach Geschlecht, Zivilstand, Heimat und Alter;https://www.statistik.bs.ch/dam/jcr:f18e6f80-088e-45f1-8554-c645baa9fcf2/t18-2-03.xlsx
Bevölkerung;Eheschliessungen zwischen Schweizern und Ausländer nach Wohnort und Heimat;https://www.statistik.bs.ch/dam/jcr:f18e6f80-088e-45f1-8554-c645baa9fcf2/t18-2-03.xlsx
Bevölkerung;Gestorbene nach Alter und Geschlecht;https://www.statistik.bs.ch/dam/jcr:f18e6f80-088e-45f1-8554-c645baa9fcf2/t18-2-03.xlsx
Bevölkerung;Lebendgeborene nach Wohnviertel;https://www.statistik.bs.ch/dam/jcr:f18e6f80-088e-45f1-8554-c645baa9fcf2/t18-2-03.xlsx
Bevölkerung;Gestorbene nach Wohnviertel;https://www.statistik.bs.ch/dam/jcr:f18e6f80-088e-45f1-8554-c645baa9fcf2/t18-2-03.xlsx
Bevölkerung;Wohnbevölkerung und Haushalte nach Gemeinde und Wohnviertel;https://www.statistik.bs.ch/dam/jcr:f18e6f80-088e-45f1-8554-c645baa9fcf2/t18-2-03.xlsx
Bevölkerung;Eheschliessende nach Wohnort und Heimat ;https://www.statistik.bs.ch/dam/jcr:f18e6f80-088e-45f1-8554-c645baa9fcf2/t18-2-03.xlsx
Bevölkerung;Gestorbene nach Heimat und Geschlecht und Sterbeziffer;https://www.statistik.bs.ch/dam/jcr:f18e6f80-088e-45f1-8554-c645baa9fcf2/t18-2-03.xlsx
Bevölkerung;Eheschliessende nach Zivilstandskombination;https://www.statistik.bs.ch/dam/jcr:f18e6f80-088e-45f1-8554-c645baa9fcf2/t18-2-03.xlsx
Bevölkerung;Geborene und Geburtenziffern nach Heimat;https://www.statistik.bs.ch/dam/jcr:f18e6f80-088e-45f1-8554-c645baa9fcf2/t18-2-03.xlsx
Bevölkerung;Mehrlingsgeburten;https://www.statistik.bs.ch/dam/jcr:f18e6f80-088e-45f1-8554-c645baa9fcf2/t18-2-03.xlsx
Bevölkerung;Lebendgeborene unverheirateter Mütter nach Alter der Mutter und Heimat des Kindes ;https://www.statistik.bs.ch/dam/jcr:f18e6f80-088e-45f1-8554-c645baa9fcf2/t18-2-03.xlsx
Bevölkerung;Eheliche Fruchtbarkeitsziffer nach Heimat und Alter der Mutter seit 1950;https://www.statistik.bs.ch/dam/jcr:f18e6f80-088e-45f1-8554-c645baa9fcf2/t18-2-03.xlsx
Bevölkerung;Lebendgeborene Schweizer mit ausländischem Vater nach dessen Heimat ;https://www.statistik.bs.ch/dam/jcr:f18e6f80-088e-45f1-8554-c645baa9fcf2/t18-2-03.xlsx
Bevölkerung;Anerkennung von Kindern nach Alter zum Zeitpunkt der Anerkennung;https://www.statistik.bs.ch/dam/jcr:f18e6f80-088e-45f1-8554-c645baa9fcf2/t18-2-03.xlsx
Bevölkerung;Erleichterte Eingebürgerte nach Geschlecht;https://www.statistik.bs.ch/dam/jcr:f18e6f80-088e-45f1-8554-c645baa9fcf2/t18-2-03.xlsx
Bevölkerung;Eheschliessende nach Heimatkombination;https://www.statistik.bs.ch/dam/jcr:f18e6f80-088e-45f1-8554-c645baa9fcf2/t18-2-03.xlsx
Bevölkerung;Eheschliessende nach Religionskombination;https://www.statistik.bs.ch/dam/jcr:f18e6f80-088e-45f1-8554-c645baa9fcf2/t18-2-03.xlsx
Bevölkerung;Ehescheidungen;https://www.statistik.bs.ch/dam/jcr:f18e6f80-088e-45f1-8554-c645baa9fcf2/t18-2-03.xlsx
Bevölkerung;Geborene nach Geschlecht;https://www.statistik.bs.ch/dam/jcr:f18e6f80-088e-45f1-8554-c645baa9fcf2/t18-2-03.xlsx
Bevölkerung;Wohnbevölkerung des Kantons Basel-Stadt nach Religion;https://www.statistik.bs.ch/dam/jcr:f18e6f80-088e-45f1-8554-c645baa9fcf2/t18-2-03.xlsx
Bevölkerung;Wohnbevölkerung nach Heimat und Religionszugehörigkeit;https://www.statistik.bs.ch/dam/jcr:f18e6f80-088e-45f1-8554-c645baa9fcf2/t18-2-03.xlsx
Bevölkerung;Wohnbevölkerung nach Heimat und Hauptsprache;https://www.statistik.bs.ch/dam/jcr:f18e6f80-088e-45f1-8554-c645baa9fcf2/t18-2-03.xlsx
Bevölkerung;Wohnbevölkerung nach Heimat und zu Hause gesprochener Sprache;https://www.statistik.bs.ch/dam/jcr:f18e6f80-088e-45f1-8554-c645baa9fcf2/t18-2-03.xlsx
Bevölkerung;Wohnbevölkerung nach Heimat und bei der Arbeit gesprochener Sprache;https://www.statistik.bs.ch/dam/jcr:f18e6f80-088e-45f1-8554-c645baa9fcf2/t18-2-03.xlsx
Bevölkerung;Mehrsprachigkeit der Wohnbevölkerung;https://www.statistik.bs.ch/dam/jcr:f18e6f80-088e-45f1-8554-c645baa9fcf2/t18-2-03.xlsx
Bevölkerung;Bevölkerungsbestand gemäss Bevölkerungsszenarien in Basel-Stadt nach Heimat und Wahlkreis, Mittleres Szenario;https://www.statistik.bs.ch/dam/jcr:f18e6f80-088e-45f1-8554-c645baa9fcf2/t18-2-03.xlsx
Bevölkerung;Bevölkerungsbestand gemäss Bevölkerungsszenarien in Basel-Stadt nach Alter und Geschlecht, Mittleres Szenario;https://www.statistik.bs.ch/dam/jcr:f18e6f80-088e-45f1-8554-c645baa9fcf2/t18-2-03.xlsx
Bevölkerung;Geburten und Todesfälle gemäss Bevölkerungsszenarien in Basel-Stadt nach Heimat und Geschlecht, Mittleres Szenario;https://www.statistik.bs.ch/dam/jcr:f18e6f80-088e-45f1-8554-c645baa9fcf2/t18-2-03.xlsx
Bevölkerung;Wanderungssaldi gemäss Bevölkerungsszenarien in Basel-Stadt nach Heimat und Wahlkreis, Mittleres Szenario;https://www.statistik.bs.ch/dam/jcr:f18e6f80-088e-45f1-8554-c645baa9fcf2/t18-2-03.xlsx
Bevölkerung;Bevölkerungsbestand gemäss Bevölkerungsszenarien in Basel-Stadt nach Heimat und Wahlkreis, Hohes Szenario;https://www.statistik.bs.ch/dam/jcr:f18e6f80-088e-45f1-8554-c645baa9fcf2/t18-2-03.xlsx
Bevölkerung;Bevölkerungsbestand gemäss Bevölkerungsszenarien in Basel-Stadt nach Alter und Geschlecht, Hohes Szenario;https://www.statistik.bs.ch/dam/jcr:f18e6f80-088e-45f1-8554-c645baa9fcf2/t18-2-03.xlsx
Tourismus;Angebot und Nachfrage nach Hotelkategorie;https://www.statistik.bs.ch/dam/jcr:f18e6f80-088e-45f1-8554-c645baa9fcf2/t18-2-03.xlsx
Tourismus;Angebot und Nachfrage der Basler Hotelleriebetriebe;https://www.statistik.bs.ch/dam/jcr:f18e6f80-088e-45f1-8554-c645baa9fcf2/t18-2-03.xlsx
Tourismus;Nettobettenauslastung nach Monat;https://www.statistik.bs.ch/dam/jcr:f18e6f80-088e-45f1-8554-c645baa9fcf2/t18-2-03.xlsx
Tourismus;Ankünfte und Logiernächte nach Herkunft und Monat;https://www.statistik.bs.ch/dam/jcr:f18e6f80-088e-45f1-8554-c645baa9fcf2/t18-2-03.xlsx
Tourismus;Ankünfte, Logiernächte und Aufenthaltsdauer nach Herkunftsland;https://www.statistik.bs.ch/dam/jcr:f18e6f80-088e-45f1-8554-c645baa9fcf2/t18-2-03.xlsx
Tourismus;Mittlere Aufenthaltsdauer nach Herkunft und Monat;https://www.statistik.bs.ch/dam/jcr:f18e6f80-088e-45f1-8554-c645baa9fcf2/t18-2-03.xlsx
Verkehr;Neue Inverkehrsetzungen von Strassenfahrzeugen;https://www.statistik.bs.ch/dam/jcr:f18e6f80-088e-45f1-8554-c645baa9fcf2/t18-2-03.xlsx
Verkehr;Motorfahrzeuge – Durchschnittlicher Tagesverkehr im Jahresmittel;https://www.statistik.bs.ch/dam/jcr:f18e6f80-088e-45f1-8554-c645baa9fcf2/t18-2-03.xlsx
Verkehr;Motorfahrzeuge – Durchschnittlicher Tagesverkehr im Monatsmittel;https://www.statistik.bs.ch/dam/jcr:f18e6f80-088e-45f1-8554-c645baa9fcf2/t18-2-03.xlsx
Verkehr;Motorfahrzeuge – Maximaler Tagesverkehr im Monatsmittel;https://www.statistik.bs.ch/dam/jcr:f18e6f80-088e-45f1-8554-c645baa9fcf2/t18-2-03.xlsx
Verkehr;Strasseninfrastrukturrechnung des Kantons Basel-Stadt;https://www.statistik.bs.ch/dam/jcr:f18e6f80-088e-45f1-8554-c645baa9fcf2/t18-2-03.xlsx
Verkehr;Tarifverbund Nordwestschweiz – Im Monatsmittel subventionierte Umweltschutz-Abonnemente nach Gemeinde;https://www.statistik.bs.ch/dam/jcr:f18e6f80-088e-45f1-8554-c645baa9fcf2/t18-2-03.xlsx
Verkehr;Tarifverbund Nordwestschweiz – Verkaufte Umweltschutz-Abonnemente seit 1990;https://www.statistik.bs.ch/dam/jcr:f18e6f80-088e-45f1-8554-c645baa9fcf2/t18-2-03.xlsx
Verkehr;Luftfracht auf dem EuroAirport Basel Mulhouse Freiburg;https://www.statistik.bs.ch/dam/jcr:f18e6f80-088e-45f1-8554-c645baa9fcf2/t18-2-03.xlsx
Verkehr;Luftverkehr auf dem EuroAirport Basel Mulhouse Freiburg;https://www.statistik.bs.ch/dam/jcr:f18e6f80-088e-45f1-8554-c645baa9fcf2/t18-2-03.xlsx
Verkehr;Containerumschlag;https://www.statistik.bs.ch/dam/jcr:f18e6f80-088e-45f1-8554-c645baa9fcf2/t18-2-03.xlsx
Verkehr;Ankunftsverkehr nach Gütergruppen;https://www.statistik.bs.ch/dam/jcr:f18e6f80-088e-45f1-8554-c645baa9fcf2/t18-2-03.xlsx
Verkehr;Abgangsverkehr nach Gütergruppen;https://www.statistik.bs.ch/dam/jcr:f18e6f80-088e-45f1-8554-c645baa9fcf2/t18-2-03.xlsx
Verkehr;Pendlerströme in der Agglomeration Basel;https://www.statistik.bs.ch/dam/jcr:f18e6f80-088e-45f1-8554-c645baa9fcf2/t18-2-03.xlsx
Verkehr;Erwerbstätige nach Pendelverhalten;https://www.statistik.bs.ch/dam/jcr:f18e6f80-088e-45f1-8554-c645baa9fcf2/t18-2-03.xlsx
Verkehr;Erwerbstätige nach Pendel-Hauptverkehrsmittel ;https://www.statistik.bs.ch/dam/jcr:f18e6f80-088e-45f1-8554-c645baa9fcf2/t18-2-03.xlsx
Verkehr;Erwerbstätige nach Dauer des Arbeitsweges;https://www.statistik.bs.ch/dam/jcr:f18e6f80-088e-45f1-8554-c645baa9fcf2/t18-2-03.xlsx
Verkehr;Erwerbstätige nach Pendelhäufigkeit;https://www.statistik.bs.ch/dam/jcr:f18e6f80-088e-45f1-8554-c645baa9fcf2/t18-2-03.xlsx
Verkehr;Mobilitätsgrad, Anzahl Ausgänge und Wege pro Person und Tag;https://www.statistik.bs.ch/dam/jcr:f18e6f80-088e-45f1-8554-c645baa9fcf2/t18-2-03.xlsx
Verkehr;Tagesdistanz pro Person;https://www.statistik.bs.ch/dam/jcr:f18e6f80-088e-45f1-8554-c645baa9fcf2/t18-2-03.xlsx
Verkehr;Wegzeit und Unterwegszeit pro Person und Tag;https://www.statistik.bs.ch/dam/jcr:f18e6f80-088e-45f1-8554-c645baa9fcf2/t18-2-03.xlsx
Verkehr;Etappen pro Person und Tag;https://www.statistik.bs.ch/dam/jcr:f18e6f80-088e-45f1-8554-c645baa9fcf2/t18-2-03.xlsx
Verkehr;Tagesdistanz in Kilometer pro Person;https://www.statistik.bs.ch/dam/jcr:f18e6f80-088e-45f1-8554-c645baa9fcf2/t18-2-03.xlsx
Verkehr;Unterwegszeit in Minuten pro Person und Tag;https://www.statistik.bs.ch/dam/jcr:f18e6f80-088e-45f1-8554-c645baa9fcf2/t18-2-03.xlsx
Verkehr;Beteiligte an Verkehrsunfällen;https://www.statistik.bs.ch/dam/jcr:f18e6f80-088e-45f1-8554-c645baa9fcf2/t18-2-03.xlsx
Verkehr;Bei Verkehrsunfällen beteiligte und verunfallte Personen;https://www.statistik.bs.ch/dam/jcr:f18e6f80-088e-45f1-8554-c645baa9fcf2/t18-2-03.xlsx
Verkehr;Anzahl Unfälle nach Ursache;https://www.statistik.bs.ch/dam/jcr:f18e6f80-088e-45f1-8554-c645baa9fcf2/t18-2-03.xlsx
Verkehr;Unfallursachen im Strassenverkehr seit 1932;https://www.statistik.bs.ch/dam/jcr:f18e6f80-088e-45f1-8554-c645baa9fcf2/t18-2-03.xlsx
Verkehr;Unfallursachen im Strassenverkehr seit 1932;https://www.statistik.bs.ch/dam/jcr:f18e6f80-088e-45f1-8554-c645baa9fcf2/t18-2-03.xlsx
Verkehr;Unfälle nach Uhrzeit;https://www.statistik.bs.ch/dam/jcr:f18e6f80-088e-45f1-8554-c645baa9fcf2/t18-2-03.xlsx
Verkehr;Unfälle nach Unfallfolgen und Strassenzustand;https://www.statistik.bs.ch/dam/jcr:f18e6f80-088e-45f1-8554-c645baa9fcf2/t18-2-03.xlsx
Verkehr;Unfälle nach Unfallfolgen und Witterung;https://www.statistik.bs.ch/dam/jcr:f18e6f80-088e-45f1-8554-c645baa9fcf2/t18-2-03.xlsx
Verkehr;Unfälle nach Unfallfolgen und Lichtverhältnissen;https://www.statistik.bs.ch/dam/jcr:f18e6f80-088e-45f1-8554-c645baa9fcf2/t18-2-03.xlsx
Verkehr;Unfälle nach signalisierter Höchstgeschwindigkeit/Zone;https://www.statistik.bs.ch/dam/jcr:f18e6f80-088e-45f1-8554-c645baa9fcf2/t18-2-03.xlsx
Verkehr;Unfälle nach ausgewählten Örtlichkeiten;https://www.statistik.bs.ch/dam/jcr:f18e6f80-088e-45f1-8554-c645baa9fcf2/t18-2-03.xlsx
Verkehr;Hauptverursacher von Unfällen mit Personenschaden nach Verkehrsteilnahme und Alter;https://www.statistik.bs.ch/dam/jcr:f18e6f80-088e-45f1-8554-c645baa9fcf2/t18-2-03.xlsx
Verkehr;Hauptverursacher von Unfällen mit Personenschaden nach Verkehrsmittel und Führerausweisalter;https://www.statistik.bs.ch/dam/jcr:f18e6f80-088e-45f1-8554-c645baa9fcf2/t18-2-03.xlsx
Verkehr;Verunfallte Personen nach Unfallfolgen und Strassenart;https://www.statistik.bs.ch/dam/jcr:f18e6f80-088e-45f1-8554-c645baa9fcf2/t18-2-03.xlsx
Verkehr;Verunfallte Fussgänger nach Unfallfolgen und Alter;https://www.statistik.bs.ch/dam/jcr:f18e6f80-088e-45f1-8554-c645baa9fcf2/t18-2-03.xlsx
Verkehr;Verunfallte Zweirad-Lenker und Mitfahrer nach Alter;https://www.statistik.bs.ch/dam/jcr:f18e6f80-088e-45f1-8554-c645baa9fcf2/t18-2-03.xlsx
Verkehr;Verunfallte Fussgänger nach Unfallfolgen und Alter;https://www.statistik.bs.ch/dam/jcr:f18e6f80-088e-45f1-8554-c645baa9fcf2/t18-2-03.xlsx
Verkehr;Verunfallte Personen über 64 Jahren nach Unfallfolgen und Verkehrsteilnahme;https://www.statistik.bs.ch/dam/jcr:f18e6f80-088e-45f1-8554-c645baa9fcf2/t18-2-03.xlsx
Verkehr;Fluggesellschaften auf dem EuroAirport mit hohem Passagiervolumen;https://www.statistik.bs.ch/dam/jcr:f18e6f80-088e-45f1-8554-c645baa9fcf2/t18-2-03.xlsx
Verkehr;Lastwagenverkehr;https://www.statistik.bs.ch/dam/jcr:f18e6f80-088e-45f1-8554-c645baa9fcf2/t18-2-03.xlsx
Verkehr;Zugverkehr nach Hafenanlage;https://www.statistik.bs.ch/dam/jcr:f18e6f80-088e-45f1-8554-c645baa9fcf2/t18-2-03.xlsx
Verkehr;HUPAC - Rollende Autobahn Lugano-Vedeggio;https://www.statistik.bs.ch/dam/jcr:f18e6f80-088e-45f1-8554-c645baa9fcf2/t18-2-03.xlsx
Verkehr;Gesamtverkehr ab den Rheinhäfen;https://www.statistik.bs.ch/dam/jcr:f18e6f80-088e-45f1-8554-c645baa9fcf2/t18-2-03.xlsx
Verkehr;Schweizerische Rheinflotte;https://www.statistik.bs.ch/dam/jcr:f18e6f80-088e-45f1-8554-c645baa9fcf2/t18-2-03.xlsx
Verkehr;Schweizerische Hochseeflotte;https://www.statistik.bs.ch/dam/jcr:f18e6f80-088e-45f1-8554-c645baa9fcf2/t18-2-03.xlsx
Verkehr;Anzahl Passagiere in Kabinenschiffen im internationalen Rheinverkehr;https://www.statistik.bs.ch/dam/jcr:f18e6f80-088e-45f1-8554-c645baa9fcf2/t18-2-03.xlsx
Verkehr;Anteil des Schiffsgüterverkehrs am grenzüberschreitenden Warenverkehr;https://www.statistik.bs.ch/dam/jcr:f18e6f80-088e-45f1-8554-c645baa9fcf2/t18-2-03.xlsx
Verkehr;Zu- und Wegpendler nach Ausgangs- und Zielkanton;https://www.statistik.bs.ch/dam/jcr:f18e6f80-088e-45f1-8554-c645baa9fcf2/t18-2-03.xlsx
Verkehr;Zu- und Wegpendler Basel-Stadt;https://www.statistik.bs.ch/dam/jcr:f18e6f80-088e-45f1-8554-c645baa9fcf2/t18-2-03.xlsx
Soziale Sicherheit;Prämienverbilligungen per Jahresende nach Wohnviertel;https://www.statistik.bs.ch/dam/jcr:f18e6f80-088e-45f1-8554-c645baa9fcf2/t18-2-03.xlsx
Soziale Sicherheit;Familienmietzinsbeiträge per Jahresende nach Wohnviertel;https://www.statistik.bs.ch/dam/jcr:f18e6f80-088e-45f1-8554-c645baa9fcf2/t18-2-03.xlsx
Soziale Sicherheit;Übernachtungen in der Notschlafstelle;https://www.statistik.bs.ch/dam/jcr:f18e6f80-088e-45f1-8554-c645baa9fcf2/t18-2-03.xlsx
Soziale Sicherheit;Bestand und Belegung der Notwohnungen;https://www.statistik.bs.ch/dam/jcr:f18e6f80-088e-45f1-8554-c645baa9fcf2/t18-2-03.xlsx
Soziale Sicherheit;Alimentenhilfe;https://www.statistik.bs.ch/dam/jcr:f18e6f80-088e-45f1-8554-c645baa9fcf2/t18-2-03.xlsx
Soziale Sicherheit;Reglementarische Leistungen der Pensionskasse Basel-Stadt;https://www.statistik.bs.ch/dam/jcr:f18e6f80-088e-45f1-8554-c645baa9fcf2/t18-2-03.xlsx
Soziale Sicherheit;Sozialhilfebeziehende und Sozialhilfequote;https://www.statistik.bs.ch/dam/jcr:f18e6f80-088e-45f1-8554-c645baa9fcf2/t18-2-03.xlsx
Soziale Sicherheit;Sozialhilfebeziehende und Sozialhilfequote nach Wohnviertel;https://www.statistik.bs.ch/dam/jcr:f18e6f80-088e-45f1-8554-c645baa9fcf2/t18-2-03.xlsx
Gesundheit;Spitex-Kennzahlen Basel-Stadt;https://www.statistik.bs.ch/dam/jcr:f18e6f80-088e-45f1-8554-c645baa9fcf2/t18-2-03.xlsx
Gesundheit;Todesursachen der Männer;https://www.statistik.bs.ch/dam/jcr:f18e6f80-088e-45f1-8554-c645baa9fcf2/t18-2-03.xlsx
Gesundheit;Todesursachen der Frauen;https://www.statistik.bs.ch/dam/jcr:f18e6f80-088e-45f1-8554-c645baa9fcf2/t18-2-03.xlsx
Gesundheit;Bestattungen;https://www.statistik.bs.ch/dam/jcr:f18e6f80-088e-45f1-8554-c645baa9fcf2/t18-2-03.xlsx
Gesundheit;Altersspezifische Sterbeziffer;https://www.statistik.bs.ch/dam/jcr:f18e6f80-088e-45f1-8554-c645baa9fcf2/t18-2-03.xlsx
Gesundheit;Spitalkennzahlen nach Hauptbereich;https://www.statistik.bs.ch/dam/jcr:f18e6f80-088e-45f1-8554-c645baa9fcf2/t18-2-03.xlsx
Gesundheit;Spitalkennzahlen Basel-Stadt;https://www.statistik.bs.ch/dam/jcr:f18e6f80-088e-45f1-8554-c645baa9fcf2/t18-2-03.xlsx
Gesundheit;Spitalkennzahlen nach Wohnkanton der Patienten;https://www.statistik.bs.ch/dam/jcr:f18e6f80-088e-45f1-8554-c645baa9fcf2/t18-2-03.xlsx
Gesundheit;Hospitalisierungen nach Leistungsbereich;https://www.statistik.bs.ch/dam/jcr:f18e6f80-088e-45f1-8554-c645baa9fcf2/t18-2-03.xlsx
Gesundheit;Hospitalisierungen nach SwissDRG-Diagnosegruppe;https://www.statistik.bs.ch/dam/jcr:f18e6f80-088e-45f1-8554-c645baa9fcf2/t18-2-03.xlsx
Bildung und Wissenschaft;Lernende öffentlicher und privater Kindergärten und Schulen;https://www.statistik.bs.ch/dam/jcr:f18e6f80-088e-45f1-8554-c645baa9fcf2/t18-2-03.xlsx
Bildung und Wissenschaft;Lernende an Basler Sonder- und Heimschulen nach Geschlecht, Heimat und Wohnort;https://www.statistik.bs.ch/dam/jcr:f18e6f80-088e-45f1-8554-c645baa9fcf2/t18-2-03.xlsx
Bildung und Wissenschaft;Basler Lernende an ausserkantonalen Sonderschulen;https://www.statistik.bs.ch/dam/jcr:f18e6f80-088e-45f1-8554-c645baa9fcf2/t18-2-03.xlsx
Bildung und Wissenschaft;Lernende an öffentlichen und privaten Basler Sonderkindergärten und Sonderschulen;https://www.statistik.bs.ch/dam/jcr:f18e6f80-088e-45f1-8554-c645baa9fcf2/t18-2-03.xlsx
Bildung und Wissenschaft;Abschlüsse an der Fachhochschule Nordwestschweiz FHNW;https://www.statistik.bs.ch/dam/jcr:f18e6f80-088e-45f1-8554-c645baa9fcf2/t18-2-03.xlsx
Bildung und Wissenschaft;Dozierende an der Universität Basel nach Geschlecht und Status;https://www.statistik.bs.ch/dam/jcr:f18e6f80-088e-45f1-8554-c645baa9fcf2/t18-2-03.xlsx
Bildung und Wissenschaft;Studierende an der Universität Basel nach Fakultät;https://www.statistik.bs.ch/dam/jcr:f18e6f80-088e-45f1-8554-c645baa9fcf2/t18-2-03.xlsx
Bildung und Wissenschaft;Studierende an der Universität Basel nach Heimat;https://www.statistik.bs.ch/dam/jcr:f18e6f80-088e-45f1-8554-c645baa9fcf2/t18-2-03.xlsx
Bildung und Wissenschaft;Neuimmatrikulierte an der Universität Basel nach Heimat;https://www.statistik.bs.ch/dam/jcr:f18e6f80-088e-45f1-8554-c645baa9fcf2/t18-2-03.xlsx
Bildung und Wissenschaft;Studierende an der Universität Basel nach Heimat, Fakultät und Wohnort;https://www.statistik.bs.ch/dam/jcr:f18e6f80-088e-45f1-8554-c645baa9fcf2/t18-2-03.xlsx
Bildung und Wissenschaft;Neuimmatrikulierte an der Universität Basel nach Heimat, Fakultät und Wohnort;https://www.statistik.bs.ch/dam/jcr:f18e6f80-088e-45f1-8554-c645baa9fcf2/t18-2-03.xlsx
Bildung und Wissenschaft;Studierende an der Universität Basel nach Alter, Fakultät und Heimat;https://www.statistik.bs.ch/dam/jcr:f18e6f80-088e-45f1-8554-c645baa9fcf2/t18-2-03.xlsx
Bildung und Wissenschaft;Neuimmatrikulierte an der Universität Basel nach Alter, Fakultät und Heimat;https://www.statistik.bs.ch/dam/jcr:f18e6f80-088e-45f1-8554-c645baa9fcf2/t18-2-03.xlsx
Bildung und Wissenschaft;Wohnbevölkerung nach Geschlecht, Heimat und höchster ausgeschlossener Ausbildung;https://www.statistik.bs.ch/dam/jcr:f18e6f80-088e-45f1-8554-c645baa9fcf2/t18-2-03.xlsx
Bildung und Wissenschaft;Berufsmaturitätsabschlüsse an den Basler Berufsfachschulen;https://www.statistik.bs.ch/dam/jcr:f18e6f80-088e-45f1-8554-c645baa9fcf2/t18-2-03.xlsx
Bildung und Wissenschaft;Maturitätsabschlüsse im Kanton Basel-Stadt;https://www.statistik.bs.ch/dam/jcr:f18e6f80-088e-45f1-8554-c645baa9fcf2/t18-2-03.xlsx
Kultur und Sport;Vorstellungen und Besucher Theater Basel;https://www.statistik.bs.ch/dam/jcr:f18e6f80-088e-45f1-8554-c645baa9fcf2/t18-2-03.xlsx
Kultur und Sport;Bühnen und Basler Kleintheater;https://www.statistik.bs.ch/dam/jcr:f18e6f80-088e-45f1-8554-c645baa9fcf2/t18-2-03.xlsx
Kultur und Sport;Besucher in Basler Kinos;https://www.statistik.bs.ch/dam/jcr:f18e6f80-088e-45f1-8554-c645baa9fcf2/t18-2-03.xlsx
Kultur und Sport;Besucher in Basler Museen;https://www.statistik.bs.ch/dam/jcr:f18e6f80-088e-45f1-8554-c645baa9fcf2/t18-2-03.xlsx
Kultur und Sport;Staatsarchiv und Bibliotheken;https://www.statistik.bs.ch/dam/jcr:f18e6f80-088e-45f1-8554-c645baa9fcf2/t18-2-03.xlsx
Kultur und Sport;Freiwilligenarbeit;https://www.statistik.bs.ch/dam/jcr:f18e6f80-088e-45f1-8554-c645baa9fcf2/t18-2-03.xlsx
Politik;Ständeratswahlen Basel-Stadt;https://www.statistik.bs.ch/dam/jcr:f18e6f80-088e-45f1-8554-c645baa9fcf2/t18-2-03.xlsx
Politik;Proporzwahlen Basel-Stadt;https://www.statistik.bs.ch/dam/jcr:f18e6f80-088e-45f1-8554-c645baa9fcf2/t18-2-03.xlsx
Politik;Parteien, Jungparteien und Listenvereinigungen;https://www.statistik.bs.ch/dam/jcr:f18e6f80-088e-45f1-8554-c645baa9fcf2/t18-2-03.xlsx
Politik;Regierungspräsidiums- und Regierungsratswahlen Basel-Stadt;https://www.statistik.bs.ch/dam/jcr:f18e6f80-088e-45f1-8554-c645baa9fcf2/t18-2-03.xlsx
Politik;Verteilung der Grossratssitze auf die Wahlkreise;https://www.statistik.bs.ch/dam/jcr:f18e6f80-088e-45f1-8554-c645baa9fcf2/t18-2-03.xlsx
Politik;Verfassungsratswahl Kanton Basel-Stadt;https://www.statistik.bs.ch/dam/jcr:f18e6f80-088e-45f1-8554-c645baa9fcf2/t18-2-03.xlsx
Politik;Wahl des Bürgergemeinderates der Stadt Basel;https://www.statistik.bs.ch/dam/jcr:f18e6f80-088e-45f1-8554-c645baa9fcf2/t18-2-03.xlsx
Politik;Nationalratswahlen Basel-Stadt;https://www.statistik.bs.ch/dam/jcr:f18e6f80-088e-45f1-8554-c645baa9fcf2/t18-2-03.xlsx
Politik;Grossratswahlen Basel-Stadt;https://www.statistik.bs.ch/dam/jcr:f18e6f80-088e-45f1-8554-c645baa9fcf2/t18-2-03.xlsx
Politik;Grossratswahlen Basel-Stadt nach Wahlkreis;https://www.statistik.bs.ch/dam/jcr:f18e6f80-088e-45f1-8554-c645baa9fcf2/t18-2-03.xlsx
Politik;Ergebnisse der Eidgenössischen Volksabstimmungen;https://www.statistik.bs.ch/dam/jcr:f18e6f80-088e-45f1-8554-c645baa9fcf2/t18-2-03.xlsx
Politik;Ergebnisse der Kantonalen Volksabstimmungen;https://www.statistik.bs.ch/dam/jcr:f18e6f80-088e-45f1-8554-c645baa9fcf2/t18-2-03.xlsx
Öffentliche Finanzen;Staatseinnahmen nach Funktion;https://www.statistik.bs.ch/dam/jcr:f18e6f80-088e-45f1-8554-c645baa9fcf2/t18-2-03.xlsx
Öffentliche Finanzen;Staatsausgaben nach Sachgruppe und Funktion;https://www.statistik.bs.ch/dam/jcr:f18e6f80-088e-45f1-8554-c645baa9fcf2/t18-2-03.xlsx
Öffentliche Finanzen;Rechnungsergebnisse Bürgergemeinde Basel;https://www.statistik.bs.ch/dam/jcr:f18e6f80-088e-45f1-8554-c645baa9fcf2/t18-2-03.xlsx
Öffentliche Finanzen;Staatsausgaben nach Funktion;https://www.statistik.bs.ch/dam/jcr:f18e6f80-088e-45f1-8554-c645baa9fcf2/t18-2-03.xlsx
Öffentliche Finanzen;Staatseinnahmen nach Sachgruppe und Funktion;https://www.statistik.bs.ch/dam/jcr:f18e6f80-088e-45f1-8554-c645baa9fcf2/t18-2-03.xlsx
Öffentliche Finanzen;Bilanz der Staatsrechnung;https://www.statistik.bs.ch/dam/jcr:f18e6f80-088e-45f1-8554-c645baa9fcf2/t18-2-03.xlsx
Öffentliche Finanzen;Erfolgsrechnung Basel-Stadt;https://www.statistik.bs.ch/dam/jcr:f18e6f80-088e-45f1-8554-c645baa9fcf2/t18-2-03.xlsx
Öffentliche Finanzen;Personalbestand am Jahresende und Personalausgaben der Kantonalen Verwaltung;https://www.statistik.bs.ch/dam/jcr:f18e6f80-088e-45f1-8554-c645baa9fcf2/t18-2-03.xlsx
Öffentliche Finanzen;Personalbestand am Jahresende und Personalausgaben nach Departement;https://www.statistik.bs.ch/dam/jcr:f18e6f80-088e-45f1-8554-c645baa9fcf2/t18-2-03.xlsx
Öffentliche Finanzen;Promilleverteilung des beschäftigten Personals nach Alter und Dienstalter;https://www.statistik.bs.ch/dam/jcr:f18e6f80-088e-45f1-8554-c645baa9fcf2/t18-2-03.xlsx
Öffentliche Finanzen;Einkommenssteuer nach Gemeinde;https://www.statistik.bs.ch/dam/jcr:f18e6f80-088e-45f1-8554-c645baa9fcf2/t18-2-03.xlsx
Öffentliche Finanzen;Reineinkommen und Reinvermögen;https://www.statistik.bs.ch/dam/jcr:f18e6f80-088e-45f1-8554-c645baa9fcf2/t18-2-03.xlsx
Öffentliche Finanzen;Einkommens- und Vermögenssteuer;https://www.statistik.bs.ch/dam/jcr:f18e6f80-088e-45f1-8554-c645baa9fcf2/t18-2-03.xlsx
Öffentliche Finanzen;Einkommen und Einkommenssteuer Riehen;https://www.statistik.bs.ch/dam/jcr:f18e6f80-088e-45f1-8554-c645baa9fcf2/t18-2-03.xlsx
Öffentliche Finanzen;Quellensteuer;https://www.statistik.bs.ch/dam/jcr:f18e6f80-088e-45f1-8554-c645baa9fcf2/t18-2-03.xlsx
Rechtspflege;Polizeiliche Kriminalstatistik;https://www.statistik.bs.ch/dam/jcr:f18e6f80-088e-45f1-8554-c645baa9fcf2/t18-2-03.xlsx
Rechtspflege;Polizeiliche Kriminalstatistik;https://www.statistik.bs.ch/dam/jcr:f18e6f80-088e-45f1-8554-c645baa9fcf2/t18-2-03.xlsx
Rechtspflege;Polizeiliche Kriminalstatistik;https://www.statistik.bs.ch/dam/jcr:f18e6f80-088e-45f1-8554-c645baa9fcf2/t18-2-03.xlsx
Rechtspflege;Polizeiliche Kriminalstatistik;https://www.statistik.bs.ch/dam/jcr:f18e6f80-088e-45f1-8554-c645baa9fcf2/t18-2-03.xlsx
Rechtspflege;Rückweisungen des Grenzwachtkommandos;https://www.statistik.bs.ch/dam/jcr:f18e6f80-088e-45f1-8554-c645baa9fcf2/t18-2-03.xlsx
Rechtspflege;Verkehrs- und sicherheitspolizeiliche Dienstleistungen;https://www.statistik.bs.ch/dam/jcr:f18e6f80-088e-45f1-8554-c645baa9fcf2/t18-2-03.xlsx
Rechtspflege;Ordnungsbussen und Gesetzesübertretungen;https://www.statistik.bs.ch/dam/jcr:f18e6f80-088e-45f1-8554-c645baa9fcf2/t18-2-03.xlsx
Rechtspflege;Inhaftierte und Hafttage;https://www.statistik.bs.ch/dam/jcr:f18e6f80-088e-45f1-8554-c645baa9fcf2/t18-2-03.xlsx
Rechtspflege;Opferhilfeberatung und Genugtuungsleistungen;https://www.statistik.bs.ch/dam/jcr:f18e6f80-088e-45f1-8554-c645baa9fcf2/t18-2-03.xlsx
Rechtspflege;Polizeiliche Kriminalstatistik;https://www.statistik.bs.ch/dam/jcr:f18e6f80-088e-45f1-8554-c645baa9fcf2/t18-2-03.xlsx
Rechtspflege;Rechtsmedizinische Untersuchungen;https://www.statistik.bs.ch/dam/jcr:f18e6f80-088e-45f1-8554-c645baa9fcf2/t18-2-03.xlsx
Rechtspflege;Polizeiliche Kriminalstatistik;https://www.statistik.bs.ch/dam/jcr:f18e6f80-088e-45f1-8554-c645baa9fcf2/t18-2-03.xlsx
Rechtspflege;Verurteilte Erwachsene nach Strafgesetzbuch;https://www.statistik.bs.ch/dam/jcr:f18e6f80-088e-45f1-8554-c645baa9fcf2/t18-2-03.xlsx
Rechtspflege;Verurteilte Erwachsene nach Strassenverkehrsgesetz;https://www.statistik.bs.ch/dam/jcr:f18e6f80-088e-45f1-8554-c645baa9fcf2/t18-2-03.xlsx
Rechtspflege;Verurteilte Erwachsene nach Betäubungsmittelgesetz;https://www.statistik.bs.ch/dam/jcr:f18e6f80-088e-45f1-8554-c645baa9fcf2/t18-2-03.xlsx
Rechtspflege;Polizeiliche Kriminalstatistik;https://www.statistik.bs.ch/dam/jcr:f18e6f80-088e-45f1-8554-c645baa9fcf2/t18-2-03.xlsx
Rechtspflege;Polizeiliche Kriminalstatistik;https://www.statistik.bs.ch/dam/jcr:f18e6f80-088e-45f1-8554-c645baa9fcf2/t18-2-03.xlsx
Rechtspflege;"Rotlichtmilieu; Anzahl Salons und Rotlichtzonen (Blockseite)";https://www.statistik.bs.ch/dam/jcr:f18e6f80-088e-45f1-8554-c645baa9fcf2/t18-2-03.xlsx
Rechtspflege;Kantonale Gerichte;https://www.statistik.bs.ch/dam/jcr:f18e6f80-088e-45f1-8554-c645baa9fcf2/t18-2-03.xlsx
Raum, Landschaft, Umwelt;Bodennutzung;https://www.statistik.bs.ch/dam/jcr:f18e6f80-088e-45f1-8554-c645baa9fcf2/t18-2-03.xlsx
Arbeit und Erwerb;Wohnbevölkerung nach Alter und Arbeitsmarktstatus;https://www.statistik.bs.ch/dam/jcr:f18e6f80-088e-45f1-8554-c645baa9fcf2/t18-2-03.xlsx
Arbeit und Erwerb;Wohnbevölkerung nach Geschlecht, Heimat und Arbeitsmarktstatus;https://www.statistik.bs.ch/dam/jcr:f18e6f80-088e-45f1-8554-c645baa9fcf2/t18-2-03.xlsx
Arbeit und Erwerb;Wohnbevölkerung nach Ausbildungsniveau und Arbeitsmarktstatus;https://www.statistik.bs.ch/dam/jcr:f18e6f80-088e-45f1-8554-c645baa9fcf2/t18-2-03.xlsx
Arbeit und Erwerb;Wohnbevölkerung nach Geschlecht, Heimat und Erwerbsstatus;https://www.statistik.bs.ch/dam/jcr:f18e6f80-088e-45f1-8554-c645baa9fcf2/t18-2-03.xlsx
Arbeit und Erwerb;Wohnbevölkerung nach Geschlecht, Heimat und Arbeitspensum;https://www.statistik.bs.ch/dam/jcr:f18e6f80-088e-45f1-8554-c645baa9fcf2/t18-2-03.xlsx
Arbeit und Erwerb;Wohnbevölkerung nach Alter und Arbeitspensum;https://www.statistik.bs.ch/dam/jcr:f18e6f80-088e-45f1-8554-c645baa9fcf2/t18-2-03.xlsx
Arbeit und Erwerb;Wohnbevölkerung nach Ausbildungsniveau und Arbeitspensum;https://www.statistik.bs.ch/dam/jcr:f18e6f80-088e-45f1-8554-c645baa9fcf2/t18-2-03.xlsx
Arbeit und Erwerb;Wohnbevölkerung nach Geschlecht, Heimat und Wirtschaftszweig;https://www.statistik.bs.ch/dam/jcr:f18e6f80-088e-45f1-8554-c645baa9fcf2/t18-2-03.xlsx
Arbeit und Erwerb;Wohnbevölkerung nach Alter und Wirtschaftszweig;https://www.statistik.bs.ch/dam/jcr:f18e6f80-088e-45f1-8554-c645baa9fcf2/t18-2-03.xlsx
Arbeit und Erwerb;Wohnbevölkerung nach Ausbildungsniveau und Wirtschaftszweig;https://www.statistik.bs.ch/dam/jcr:f18e6f80-088e-45f1-8554-c645baa9fcf2/t18-2-03.xlsx
Arbeit und Erwerb;Wohnbevölkerung nach Geschlecht, Heimat und Berufsgruppe;https://www.statistik.bs.ch/dam/jcr:f18e6f80-088e-45f1-8554-c645baa9fcf2/t18-2-03.xlsx
Arbeit und Erwerb;Nettoerwerbsquote nach Geschlecht, Heimat, Alter und Ausbildungsniveau;https://www.statistik.bs.ch/dam/jcr:f18e6f80-088e-45f1-8554-c645baa9fcf2/t18-2-03.xlsx
Arbeit und Erwerb;Erwerbslosenquote nach Geschlecht, Heimat, Alter und Ausbildungsniveau;https://www.statistik.bs.ch/dam/jcr:f18e6f80-088e-45f1-8554-c645baa9fcf2/t18-2-03.xlsx
Arbeit und Erwerb;Erwerbstätige nach Geschlecht, Heimat und wöchentlicher Arbeitszeit;https://www.statistik.bs.ch/dam/jcr:f18e6f80-088e-45f1-8554-c645baa9fcf2/t18-2-03.xlsx
Arbeit und Erwerb;Erwerbstätige nach Geschlecht, Heimat und Häufigkeit von Wochenendarbeit;https://www.statistik.bs.ch/dam/jcr:f18e6f80-088e-45f1-8554-c645baa9fcf2/t18-2-03.xlsx
Arbeit und Erwerb;Erwerbstätige nach Geschlecht, Heimat und Häufigkeit von Abend-/Nachtarbeit;https://www.statistik.bs.ch/dam/jcr:f18e6f80-088e-45f1-8554-c645baa9fcf2/t18-2-03.xlsx
Arbeit und Erwerb;Erwerbstätige nach Geschlecht, Heimat und Stundenlohn;https://www.statistik.bs.ch/dam/jcr:f18e6f80-088e-45f1-8554-c645baa9fcf2/t18-2-03.xlsx
Arbeit und Erwerb;Erwerbstätige in der Nordwestschweiz nach Geschlecht und Wirtschaftssektoren;https://www.statistik.bs.ch/dam/jcr:f18e6f80-088e-45f1-8554-c645baa9fcf2/t18-2-03.xlsx
Arbeit und Erwerb;Vollzeitäquivalente nach Geschlecht und Branche;https://www.statistik.bs.ch/dam/jcr:f18e6f80-088e-45f1-8554-c645baa9fcf2/t18-2-03.xlsx
Arbeit und Erwerb;Vollzeitäquivalente nach Grösse der Arbeitsstätte und Branche;https://www.statistik.bs.ch/dam/jcr:f18e6f80-088e-45f1-8554-c645baa9fcf2/t18-2-03.xlsx
Arbeit und Erwerb;Arbeitsstätten nach Wohnviertel und Branche;https://www.statistik.bs.ch/dam/jcr:f18e6f80-088e-45f1-8554-c645baa9fcf2/t18-2-03.xlsx
Arbeit und Erwerb;Arbeitsstätten nach Grösse und Branche;https://www.statistik.bs.ch/dam/jcr:f18e6f80-088e-45f1-8554-c645baa9fcf2/t18-2-03.xlsx
Arbeit und Erwerb;Beschäftigte in der Nordwestschweiz nach Sektor und Geschlecht;https://www.statistik.bs.ch/dam/jcr:f18e6f80-088e-45f1-8554-c645baa9fcf2/t18-2-03.xlsx
Arbeit und Erwerb;Grenzgänger nach Geschlecht und Wohnsitzstaat;https://www.statistik.bs.ch/dam/jcr:f18e6f80-088e-45f1-8554-c645baa9fcf2/t18-2-03.xlsx
Arbeit und Erwerb;Basler Index der Konsumentenpreise;https://www.statistik.bs.ch/dam/jcr:f18e6f80-088e-45f1-8554-c645baa9fcf2/t18-2-03.xlsx
Arbeit und Erwerb;Basler Index der Konsumentenpreise;https://www.statistik.bs.ch/dam/jcr:f18e6f80-088e-45f1-8554-c645baa9fcf2/t18-2-03.xlsx
Arbeit und Erwerb;Basler Index der Konsumentenpreise;https://www.statistik.bs.ch/dam/jcr:f18e6f80-088e-45f1-8554-c645baa9fcf2/t18-2-03.xlsx
Arbeit und Erwerb;Wohnbevölkerung nach Geschlecht, Heimat und Arbeitsmarktstatus;https://www.statistik.bs.ch/dam/jcr:f18e6f80-088e-45f1-8554-c645baa9fcf2/t18-2-03.xlsx
Arbeit und Erwerb;Erwerbstätige nach Geschlecht, Heimat und Arbeitspensum;https://www.statistik.bs.ch/dam/jcr:f18e6f80-088e-45f1-8554-c645baa9fcf2/t18-2-03.xlsx
Arbeit und Erwerb;Erwerbstätige nach Geschlecht, Heimat und Vertragstyp;https://www.statistik.bs.ch/dam/jcr:f18e6f80-088e-45f1-8554-c645baa9fcf2/t18-2-03.xlsx
Arbeit und Erwerb;Erwerbstätige nach Geschlecht, Heimat und Betriebszugehörigkeitsdauer;https://www.statistik.bs.ch/dam/jcr:f18e6f80-088e-45f1-8554-c645baa9fcf2/t18-2-03.xlsx
Arbeit und Erwerb;Beschäftigte nach Grösse der Arbeitsstätte und Branche;https://www.statistik.bs.ch/dam/jcr:f18e6f80-088e-45f1-8554-c645baa9fcf2/t18-2-03.xlsx
Arbeit und Erwerb;Beschäftigte nach Wohnviertel;https://www.statistik.bs.ch/dam/jcr:f18e6f80-088e-45f1-8554-c645baa9fcf2/t18-2-03.xlsx
Preise;Hauptgruppen und frühere Basen des Basler Index der Konsumentenpreise;https://www.statistik.bs.ch/dam/jcr:f18e6f80-088e-45f1-8554-c645baa9fcf2/t18-2-03.xlsx
Preise;Basler Index der Konsumentenpreise nach Hauptgruppe;https://www.statistik.bs.ch/dam/jcr:f18e6f80-088e-45f1-8554-c645baa9fcf2/t18-2-03.xlsx
Preise;Gewicht und Jahresmittel des Basler Index der Konsumentenpreise;https://www.statistik.bs.ch/dam/jcr:f18e6f80-088e-45f1-8554-c645baa9fcf2/t18-2-03.xlsx
Preise;Jahresteuerung und Monatsteuerung des Basler Index der Konsumentenpreise;https://www.statistik.bs.ch/dam/jcr:f18e6f80-088e-45f1-8554-c645baa9fcf2/t18-2-03.xlsx
Preise;Basler Heizölpreise in Franken;https://www.statistik.bs.ch/dam/jcr:f18e6f80-088e-45f1-8554-c645baa9fcf2/t18-2-03.xlsx
Preise;Basler Index der Konsumentenpreise;https://www.statistik.bs.ch/dam/jcr:f18e6f80-088e-45f1-8554-c645baa9fcf2/t18-2-03.xlsx
Preise;Basler Index der Konsumentenpreise nach Hauptgruppen;https://www.statistik.bs.ch/dam/jcr:f18e6f80-088e-45f1-8554-c645baa9fcf2/t18-2-03.xlsx
Preise;Mittlere Detailhandelspreise in Franken;https://www.statistik.bs.ch/dam/jcr:f18e6f80-088e-45f1-8554-c645baa9fcf2/t18-2-03.xlsx
Preise;Basler Index der Konsumentenpreise Warenkorbstruktur;https://www.statistik.bs.ch/dam/jcr:f18e6f80-088e-45f1-8554-c645baa9fcf2/t18-2-03.xlsx
Preise;Basler Index der Konsumentenpreise Güterart, Herkunft und Sondergruppen;https://www.statistik.bs.ch/dam/jcr:f18e6f80-088e-45f1-8554-c645baa9fcf2/t18-2-03.xlsx
Industrie und Dienstleistungen;Aussteller, Flächen und Besucher der Muba;https://www.statistik.bs.ch/dam/jcr:f18e6f80-088e-45f1-8554-c645baa9fcf2/t18-2-03.xlsx
Industrie und Dienstleistungen;Holz;https://www.statistik.bs.ch/dam/jcr:f18e6f80-088e-45f1-8554-c645baa9fcf2/t18-2-03.xlsx
Industrie und Dienstleistungen;ILMAC;https://www.statistik.bs.ch/dam/jcr:f18e6f80-088e-45f1-8554-c645baa9fcf2/t18-2-03.xlsx
Industrie und Dienstleistungen;Messen in der Stadt Basel;https://www.statistik.bs.ch/dam/jcr:f18e6f80-088e-45f1-8554-c645baa9fcf2/t18-2-03.xlsx
Industrie und Dienstleistungen;Ausfuhr aus Basel-Stadt nach Gewicht und Wert;https://www.statistik.bs.ch/dam/jcr:f18e6f80-088e-45f1-8554-c645baa9fcf2/t18-2-03.xlsx
Industrie und Dienstleistungen;Einfuhr nach Basel-Stadt nach Gewicht und Wert;https://www.statistik.bs.ch/dam/jcr:f18e6f80-088e-45f1-8554-c645baa9fcf2/t18-2-03.xlsx
Industrie und Dienstleistungen;Baselworld. Weltmesse für Uhren und Schmuck ;https://www.statistik.bs.ch/dam/jcr:f18e6f80-088e-45f1-8554-c645baa9fcf2/t18-2-03.xlsx
Industrie und Dienstleistungen;Beschäftigte in neuen Unternehmen nach Rechtsform;https://www.statistik.bs.ch/dam/jcr:f18e6f80-088e-45f1-8554-c645baa9fcf2/t18-2-03.xlsx
Industrie und Dienstleistungen;Konkurse und Forderungen;https://www.statistik.bs.ch/dam/jcr:f18e6f80-088e-45f1-8554-c645baa9fcf2/t18-2-03.xlsx
Industrie und Dienstleistungen;Betreibungen und Pfändungen;https://www.statistik.bs.ch/dam/jcr:f18e6f80-088e-45f1-8554-c645baa9fcf2/t18-2-03.xlsx
Industrie und Dienstleistungen;Transit (Ein- und Ausgang) durch die Region Basel in Brutto-Tonnen;https://www.statistik.bs.ch/dam/jcr:f18e6f80-088e-45f1-8554-c645baa9fcf2/t18-2-03.xlsx
Industrie und Dienstleistungen;Ausfuhr aus Basel-Stadt in Netto-Tonnen nach Verkehrsträger;https://www.statistik.bs.ch/dam/jcr:f18e6f80-088e-45f1-8554-c645baa9fcf2/t18-2-03.xlsx
Industrie und Dienstleistungen;Ausfuhr aus Basel-Stadt in Franken nach Verkehrsträger;https://www.statistik.bs.ch/dam/jcr:f18e6f80-088e-45f1-8554-c645baa9fcf2/t18-2-03.xlsx
Energie;Brutto- und Endenergieverbrauch nach Energieträger;https://www.statistik.bs.ch/dam/jcr:f18e6f80-088e-45f1-8554-c645baa9fcf2/t18-2-03.xlsx
Energie;Strombilanz;https://www.statistik.bs.ch/dam/jcr:f18e6f80-088e-45f1-8554-c645baa9fcf2/t18-2-03.xlsx
Energie;Fernwärmebilanz;https://www.statistik.bs.ch/dam/jcr:f18e6f80-088e-45f1-8554-c645baa9fcf2/t18-2-03.xlsx
Energie;Anteil erneuerbare Energie am Bruttoenergieverbrauch;https://www.statistik.bs.ch/dam/jcr:f18e6f80-088e-45f1-8554-c645baa9fcf2/t18-2-03.xlsx
